{
  "knn_params": {
    "metric": "manhattan",
    "n_neighbors": 7,
    "weights": "uniform"
  },
  "knn_valid_rmse": 0.6215376399711241,
  "mlp_train_rmse": 0.9314645419857279,
  "mlp_valid_rmse": 1.0113942190911847,
  "ols_rsquared": 0.6364600224093782,
  "ols_rsquared_adj": 0.6072638065925147,
  "ols_nobs": 418,
  "kmeans_best_k": 2,
  "silhouette_scores": [
    0.3150096695936418,
    0.3140771002113747,
    0.26717633332922447,
    0.23186832648138297,
    0.2291677478063301,
    0.22342900741516553,
    0.214016238670729
  ],
  "inertia_list": [
    1700.4524853333717,
    1413.0210607523709,
    1174.15637517141,
    1022.4649935308832,
    923.7276608719977,
    852.4982477531354,
    786.494950903408
  ],
  "pca_explained_top3": [
    0.4835900249416411,
    0.16173983542595413,
    0.14878702105790031
  ],
  "pca_cumulative_top3": [
    0.4835900249416411,
    0.6453298603675952,
    0.7941168814254955
  ]
}